title,link,source,published_str,pub_date,doi,abstract,abstract_source,must_have_abstract
The transcription factor HHEX maintains glucocorticoid levels and protects adrenals from androgen-induced lipid depletion,https://www.nature.com/articles/s41467-025-68257-4,Nature Communications,2026-01-11 00:00:00 UTC,2026-01-11 00:00:00+00:00,,"Glucocorticoid-producing cells of the adrenal cortex (i.e. zona fasciculata, zF) constitute the critical effectors of the hypothalamic-pituitary-adrenal axis, mediating the mammalian stress response. With glucocorticoids being essential for life, zF dysfunction perturbs multiple organs that participate in optimizing cardiometabolic fitness. The zF forms a dynamic and heterogenous cell population endowed with the capacity to remodel through the engagement of both proliferative and differentiation programs that enable the adrenal to adapt and respond to diverse stressors. However, the mechanisms that sustain such differential responsiveness remain poorly understood. In this study, we resolve the transcriptome of the steroidogenic lineage by scRNA-seq using Sf1-Crehigh; RosamT/mG reporter mice. We identify HHEX, a homeodomain protein, as the most enriched transcription factor in glucocorticoid-producing cells. We utilize genetic mouse models to demonstrate that Hhex deletion causes glucocorticoid deficiency in male animals. Molecularly, we demonstrate that HHEX is an androgen receptor (AR) target gene, shaping the sexual dimorphism of the adrenal gland by repressing the female transcriptional program at puberty, while also maintaining zF cholesterol ester content by protecting lipid droplets from androgen-induced-lipophagy. Moreover, our study reveals that, in both sexes, HHEX is crucial for maintaining the identity of the innermost adrenocortical cell subpopulation. Specifically, loss of HHEX impairs the expression of Abcb1b (P-glycoprotein/MDR1), an efflux pump regulating steroid export and cellular levels of xenobiotics. Together, these data demonstrate that HHEX serves as a multi-functional regulator of post-natal adrenal maturation that is potentiated by androgens.",nature_html,0
Diffractive magic cube network with super-high capacity enabled by mechanical reconfiguration,https://www.nature.com/articles/s41467-026-68310-w,Nature Communications,2026-01-11 00:00:00 UTC,2026-01-11 00:00:00+00:00,,"Free-space wavefront manipulation devices have emerged as powerful platforms for advanced optical information systems. In response to the challenges posed by the exponential growth of optical information, optical multiplexing and dynamic reconfigurable devices are being actively explored to the enhance system capacity. Among them, coarse-grained mechanically reconfigurable mechanism offers a cost-effective and low-complexity approach for capacity enhancement. However, the channel numbers achieved in current studies are insufficient for practical applications because of inadequate mechanical transformations and suboptimal optimization models. In this article, a diffractive magic cube network (DMCN) is proposed to advance the multiplexing capacity of mechanically reconfigurable system. We utilized the diffractive deep neural network (D2NN) model to jointly optimize the subset of channels generated by the combination of three mechanical operations, permutation, translation, and rotation. The 144-channel holograms, 108-channel single/double focus, 60-channel single/multi-mode OAM beam generation were experimentally demonstrated using diffractive optical elements (DOEs). An equivalent connectivity law was formulated to improve model scalability. Our strategy not only provides a novel paradigm to improve system capacity to super-high level with low crosstalk, but also paves the way for new advancements in optical storage, computing, communication, and photolithography.",nature_html,0
[ASAP] Eu2Li(C3)H: A Carbide Hydride Phase Incorporating Eu2+,http://dx.doi.org/10.1021/jacs.5c19173,Journal of the American Chemical Society: Latest Articles (ACS Publications),2026-01-11 14:48:41 UTC,2026-01-11 14:48:41+00:00,10.1021/jacs.5c19173,"Reactions between carbon and lithium hydride in a mixed metal europium/lithium flux led to the synthesis of Eu2Li(C3)H. At room temperature, the compound crystallizes in the tetragonal space group P4/mbm (no. 127, Z = 2; Ca2Li(C3)H type) and undergoes a second-order structural phase transition below ∼250 K to an orthorhombic low-temperature modification (no. 55, Pbam; Z = 4), crystallizing in a new structure type. The phase transition was monitored by using single-crystal X-ray diffraction (SCXRD) and temperature-dependent high-resolution powder diffraction data. Infrared (IR) spectroscopy and gaschromatographic analysis (GC) of the hydrolysis products confirm the existence of a first europium compound with an allylenide anion (C34-). Magnetic susceptibility measurements and 151Eu Mössbauer spectroscopy reveal the presence of divalent europium, suggesting a charge-balanced carbide hydride (Eu2+)2(Li+)(C34-)(H-). A transition to a (soft) ferromagnetic ground state is observed below 42 K. In situ high-pressure, high-temperature (HPHT) investigations indicate a surprisingly high stability of Eu2Li(C3)H and yield a bulk modulus K0 = 65 GPa. Quantum chemical calculations (DFT + U) reveal a pseudogap at the Fermi level and allow the classification as a rare-earth metal Zintl phase exhibiting both ionic and covalent bonding contributions.",pubmed,0
[ASAP] Nitrile RC≡N Triple Bond Cleavage by a Dicopper Nitrite Complex with N2 Elimination and Formation of RCO2– Carboxylate Ligands,http://dx.doi.org/10.1021/jacs.5c18844,Journal of the American Chemical Society: Latest Articles (ACS Publications),2026-01-11 17:44:25 UTC,2026-01-11 17:44:25+00:00,10.1021/jacs.5c18844,"This contribution showcases the complete scission of nitrile RC≡N bonds by [Cu2(μ-κ1:κ1-O2N)DPFN][NTf2] (1-NTf2; DPFN = 2,7-bis(fluoro-di(2-pyridyl)methyl)-1,8-naphthyridine, NTf2- = N(SO2CF3)2-), with dinitrogen elimination. These reactions produce dicopper(I,I) carboxylate complexes, [Cu2(μ-κ1:κ1-O2CR)DPFN][NTf2] (4R-NTf2). A fleeting N-nitrosamide intermediate, [Cu2(μ-N(NO)C(O)R)DPFN][NTf2] (3R-NTf2), was detected by NMR spectroscopy and observed to decompose to the final products. While none of these novel N-nitrosamide-ligated dicopper complexes could be isolated due to their thermal instability, complex 3Ph-NTf2 was crystallographically characterized, and its bonding metrics were analyzed. Furthermore, kinetic studies on the in situ formation of 3Ph-NTf2 revealed first-order dependence on both 1-NTf2 and PhCN. Quantum mechanical modeling was employed to develop a mechanistic scenario and elucidate other key intermediates in this unprecedented reaction. The nucleophilicity of the di-Cu(I) nitrite complex was further probed through its reaction with an aryl isocyanate to yield a diazotate complex, [Cu2(μ-κ1:κ1-ONNXenyl)DPFN][NTf2] (2-NTf2; Xenyl = C6H4C6H5), and CO2.",pubmed,0
[ASAP] Pressure-Aware Operando X-ray Methods Reveal True Mechanistic Pathways in Solid-State Batteries,http://dx.doi.org/10.1021/acsenergylett.5c03296,ACS Energy Letters: Latest Articles (ACS Publications),2026-01-11 17:54:58 UTC,2026-01-11 17:54:58+00:00,10.1021/acsenergylett.5c03296,,,0
[ASAP] Engineering of Electrolyte Solution in Governing the Stability of Sodium Metal Anode for Room Temperature Sodium–Sulfur Batteries,http://dx.doi.org/10.1021/acsenergylett.5c03325,ACS Energy Letters: Latest Articles (ACS Publications),2026-01-11 18:51:24 UTC,2026-01-11 18:51:24+00:00,10.1021/acsenergylett.5c03325,,,0
[ASAP] Chirality Transfer in Metal Halide Semiconductors,http://dx.doi.org/10.1021/acsenergylett.5c03196,ACS Energy Letters: Latest Articles (ACS Publications),2026-01-11 19:20:11 UTC,2026-01-11 19:20:11+00:00,10.1021/acsenergylett.5c03196,,,0
Thermal [2+2] cycloaddition as a route to gem-difluoro heterobicyclo[n.1.1]alkanes,https://www.nature.com/articles/s41557-025-02047-9,Nature Chemistry,2026-01-12 00:00:00 UTC,2026-01-12 00:00:00+00:00,,"The [2+2] cycloaddition reaction has been pivotal in advancing synthetic organic chemistry. However, thermal [2 + 2] cycloaddition reactions are symmetry-forbidden due to ground-state orbital symmetry constraints, making them challenging to achieve under non-photochemical conditions. Here we report a stepwise radical intramolecular thermal crossed [2 + 2] cycloaddition, enabled by the fluorine effect of in-situ-generated N-(homo)allyl gem-difluoroenamines and homoallyl gem-difluorovinyl ethers. Silver-catalysed gem-difluoroalkenylation of N-(homo)allylamines and homoallyl alcohols with trifluoromethyl triftosylhydrazones, respectively, followed by an intramolecular crossed [2 + 2] cycloaddition of the in-situ-generated gem-difluoroalkenes enables the synthesis of a range of medically relevant gem-difluoro heterobicyclo[n.1.1]alkanes, including azabicyclo[2.1.1]hexanes, azabicyclo[3.1.1]heptanes and oxabicyclo[3.1.1]heptanes. This methodology features readily available starting materials, high chemo-, regio- and stereoselectivity, excellent functional group compatibility and high yields. Notably, further conversion of the formed azabicyclo[2.1.1]hexanes into azabicyclic endoperoxides via oxygen incorporation highlights the properties of these gem-difluorinated bridged azabicyclic compounds. Combined experimental and computational studies support a stepwise radical mechanism for the thermal crossed [2+2] cycloaddition.",nature_html,0
Electrochemical quantification of phosphonic acid passivated surface sites of NiOx for perovskite solar cells,http://pubs.rsc.org/en/Content/ArticleLanding/2026/EE/D5EE05065K,RSC - Energy Environ. Sci. latest articles,2026-01-12 00:00:00 UTC,2026-01-12 00:00:00+00:00,,"Nickel oxide (NiOx) is among the few p-type metal oxide semiconductors considered a strong candidate for hole transport layers in halide perovskite solar cells (PSCs). However, its reactivity with perovskite ions poses significant challenges to achieving high efficiency and long-term stability. Here, we investigate passivation of detrimental reactive surface sites on NiOx by carbazole phosphonic acids. We leverage electrochemical cyclic voltammetry (CV) of NiOx electrodes as a proxy measure for the redox activity that afflicts PSCs. From the CVs, we derive a metric, N (units 1/cm2), that relates to the number of redox active sites on NiOx surfaces. We observe a statistically significant negative correlation between PSC efficiency and N-value that indicates PSCs are more efficient on NiOx with lower electrochemical reactivity. The new mechanistic insight into NiOx passivation demonstrates it requires a reducing agent and Brønsted acid combination, providing a broadly applicable approach for evaluating and enhancing the stability and performance of NiOx-based interfaces in photovoltaics.",rsc_html,0
Shape-adaptive electronics based on liquid metal circuits printed on thermoplastic films,https://www.nature.com/articles/s41928-025-01528-6,Nature Electronics,2026-01-12 00:00:00 UTC,2026-01-12 00:00:00+00:00,,"Conformal electronics are of use in the development of wearable and biointegrated devices. However, existing methods of creating such electronics can lead to a lack of mechanical robustness, are limited in their range of materials or require specialized equipment and complex procedures. Here we report a heat-shrinking method for fabricating conformal electronics in which semi-liquid metal circuits are patterned onto thermoplastic substrates and then heated to induce shrinkage around a target object. We develop a semi-liquid metal that can withstand shrinkage deformation and maintain long-term electrical stability. We also develop simulation tools to consider the effect of the thermoplastic film’s deformation on the final circuit pattern, which allows precise circuit designs to be created on the initially planar film. The resulting shape-adaptive electronics exhibit high durability, with minimal conductivity change after 5,000 bending and twisting cycles. We illustrate the potential of the method by creating circuits for de-icing model aircraft, robot tactile sensors, fruit temperature and humidity sensors, fingertip pulse sensors, and smart bandages.",nature_html,0
Decision-focused learning integrated with data-driven robust optimization for energy management,https://www.sciencedirect.com/science/article/pii/S0306261925020732?dgcid=rss_sd_all,ScienceDirect Publication: Applied Energy,2026-01-12 00:00:00 UTC,2026-01-12 00:00:00+00:00,,,,0
Nationwide insights on solar deployment trends and spatial inequalities revealed by vision transformer models,https://www.sciencedirect.com/science/article/pii/S0306261926000632?dgcid=rss_sd_all,ScienceDirect Publication: Applied Energy,2026-01-12 00:00:00 UTC,2026-01-12 00:00:00+00:00,,,,0
Application of the Water-Energy Nexus approach to assess the sustainability of air conditioning systems,https://www.sciencedirect.com/science/article/pii/S0306261925020665?dgcid=rss_sd_all,ScienceDirect Publication: Applied Energy,2026-01-12 00:00:00 UTC,2026-01-12 00:00:00+00:00,,,,0
Adaptive estimation of battery pack state of charge with optical fibre strain measurements,https://www.sciencedirect.com/science/article/pii/S0306261925020604?dgcid=rss_sd_all,ScienceDirect Publication: Applied Energy,2026-01-12 00:00:00 UTC,2026-01-12 00:00:00+00:00,,,,0
"Design, techno-economic analysis, and comparative assessment of high-temperature molten salt electric thermal energy storage systems for industrial heat decarbonization in Alberta, Canada",https://www.sciencedirect.com/science/article/pii/S0306261925020318?dgcid=rss_sd_all,ScienceDirect Publication: Applied Energy,2026-01-12 00:00:00 UTC,2026-01-12 00:00:00+00:00,,,,0
Assessing policy interventions for electric vehicle adoption through an agent-based environmental framework,https://www.sciencedirect.com/science/article/pii/S0306261925020689?dgcid=rss_sd_all,ScienceDirect Publication: Applied Energy,2026-01-12 00:00:00 UTC,2026-01-12 00:00:00+00:00,,,,0
"Adaptive home energy management based on PI-DRA-PPO for integrated electricity, hydrogen, and heat storage systems",https://www.sciencedirect.com/science/article/pii/S0306261925019877?dgcid=rss_sd_all,ScienceDirect Publication: Applied Energy,2026-01-12 00:00:00 UTC,2026-01-12 00:00:00+00:00,,,,0
"Inertia estimation for power grids: A review of methods, challenges, and future prospects",https://www.sciencedirect.com/science/article/pii/S030626192502063X?dgcid=rss_sd_all,ScienceDirect Publication: Applied Energy,2026-01-12 00:00:00 UTC,2026-01-12 00:00:00+00:00,,,,0
"Geopolitical fragmentation and energy transition inequalities: Climate policy uncertainty, sanctions, and the oil and gas sector",https://www.sciencedirect.com/science/article/pii/S0301421525005555?dgcid=rss_sd_all,ScienceDirect Publication: Energy Policy,2026-01-12 00:00:00 UTC,2026-01-12 00:00:00+00:00,,,,0
"The green and brown sides of industrial robots: Innovations, AI-Driven patents, energy policy interventions, and emissions dynamics",https://www.sciencedirect.com/science/article/pii/S030142152600011X?dgcid=rss_sd_all,ScienceDirect Publication: Energy Policy,2026-01-12 00:00:00 UTC,2026-01-12 00:00:00+00:00,,,,0
The marketization of green electricity trading and investment decisions of new energy enterprises,https://www.sciencedirect.com/science/article/pii/S0301421525005440?dgcid=rss_sd_all,ScienceDirect Publication: Energy Policy,2026-01-12 00:00:00 UTC,2026-01-12 00:00:00+00:00,,,,0
Public-private partnership in energy investment and inclusive growth,https://www.sciencedirect.com/science/article/pii/S0301421525005178?dgcid=rss_sd_all,ScienceDirect Publication: Energy Policy,2026-01-12 00:00:00 UTC,2026-01-12 00:00:00+00:00,,,,0
Allocation equality of battery replacement subsidy for electric buses: Evidence from provinces and cities in China,https://www.sciencedirect.com/science/article/pii/S0301421525005129?dgcid=rss_sd_all,ScienceDirect Publication: Energy Policy,2026-01-12 00:00:00 UTC,2026-01-12 00:00:00+00:00,,,,0
Co-combustion of ammonia in coal-fired power plants in ASEAN,https://www.sciencedirect.com/science/article/pii/S0301421525005579?dgcid=rss_sd_all,ScienceDirect Publication: Energy Policy,2026-01-12 00:00:00 UTC,2026-01-12 00:00:00+00:00,,,,0
Heterogeneous response of soil organic matter decomposition to temperature change across permafrost regions,https://academic.oup.com/nsr/advance-article/doi/10.1093/nsr/nwag019/8422525?rss=1,National Science Review Advance Access,2026-01-12 00:00:00 UTC,2026-01-12 00:00:00+00:00,10.1093/nsr/nwag019/8422525,Temperature sensitivity (Q,rss_oup,0
A new direction for conductive 2D COF films,https://www.nature.com/articles/s41578-025-00888-x,Nature Reviews Materials,2026-01-12 00:00:00 UTC,2026-01-12 00:00:00+00:00,,,,0
Catalytic acyloin-type heterocoupling of thioesters via a putative cobalt siloxycarbene,https://www.nature.com/articles/s41557-025-02036-y,Nature Chemistry,2026-01-12 00:00:00 UTC,2026-01-12 00:00:00+00:00,,"α-Oxy-metallocarbenes exemplify Fischer carbenes and find use in the synthesis of diverse materials. Most, however, arise from the addition of reactive organometallics to toxic metal carbonyls. Here we report a method to access α-siloxycarbenes from thioesters via the reductive silylation of cobalt acyls. The reaction results in carbonyl dimerization with high hetero- and stereo-selectivity to yield unsymmetrical tetrasubstituted disiloxyalkenes, while avoiding competitive decarbonylation. These products can be further elaborated to new functionalized fragments, heterocycles and challenging enolsilanes. Several different reactivity patterns combined with mechanistic interrogation converge on α-oxycarbenes as fleeting catalytic intermediates, indicating a way to generate and exploit these reactive species under mild conditions. This method provides a general platform to harness carbene reactivity from carboxylates via metal acyls and enables a range of diverse reactivities.",nature_html,0
AIs are biased toward some Indian castes — how can researchers fix this?,https://www.nature.com/articles/d41586-025-04041-0,Nature,2026-01-12 00:00:00 UTC,2026-01-12 00:00:00+00:00,,,,0
Mapping Europe’s rooftop photovoltaic potential with a building-level database,https://www.nature.com/articles/s41560-025-01947-x,Nature Energy,2026-01-12 00:00:00 UTC,2026-01-12 00:00:00+00:00,,"Individual building-level approaches are needed to understand the full potential of rooftop photovoltaics (PV) at national and regional scale. Here we use the European Digital Building Stock Model R2025, an open-access building-level database, to assess rooftop solar potential for each of the 271 million buildings in the European Union. The results show that potential capacity could reach 2.3 TWp (1,822 GWp residential, 519 GWp non-residential), with an annual output of 2,750 TWh based on current PV technology. This corresponds to approximately 40% of electricity demand in a 100% renewable scenario for 2050. Already by 2030, over a half of buildings with floor area larger than 2,000 m2 could generate most of remaining capacity for the 2030 target with 355 GWp. Across member states, non-residential rooftops could cover 50% or more of their PV targets, with several exceeding 95%. The open-access building-level database offers practical tools to support better decisions, accelerate renewable energy adoption and promote a more decentralized energy system. It is also an enabler for planners and researchers to further explore energy scenarios with high renewable shares.",nature_html,0
Formation pathway of high-efficiency kesterite solar cells fabricated through molecular ink chemistry,https://www.nature.com/articles/s41560-025-01900-y,Nature Energy,2026-01-12 00:00:00 UTC,2026-01-12 00:00:00+00:00,,"Solar cells based on kesterite materials, Cu2ZnSn(S,Se)4 (CZTSSe), offer a non-toxic, Earth-abundant solution for energy generation. However, they have historically struggled to achieve power conversion efficiencies comparable to those of other thin-film photovoltaic technologies. Here we highlight the critical role of the synthesis and formation pathway of these multinary semiconductors, discussing the challenges associated with kesterite layer fabrication and their impact on device performance. In particular, we discuss how the design of molecular inks in kesterite synthesis is key to overcoming these limitations, unveiling the connections between precursor chemistry, synthesis pathways and the formation of point and extended defects. We discuss how precise control over these factors has enabled kesterite solar cells to exceed 15% efficiency. Building on these advances, we propose strategies to further improve device performance. Finally, the insights presented here provide a framework for the exploration and development of other multinary semiconductor materials.",nature_html,0
Harnessing acoustic topology for dynamic control of liquid crystal defects,https://www.nature.com/articles/s41467-025-68001-y,Nature Communications,2026-01-12 00:00:00 UTC,2026-01-12 00:00:00+00:00,,"Topological soft matter systems rely on controllable defect structures to encode functionality, yet robust, large-scale, and reconfigurable manipulation strategies remain elusive. Here we present a versatile acoustic platform for dynamic control of liquid crystal defect arrays via engineered topological wavefields. By coherently superimposing surface acoustic waves, we generate spatially structured potential landscapes and acoustic streaming vortices that interact with the molecular orientation field of liquid crystals, enabling dynamic reconfiguration of topological defects. Tuning the acoustic parameter space allows precise modulation of defect density, symmetry, morphology, and spatial positioning. A theoretical framework based on Ginzburg-Landau modeling and free energy minimization captures the formation of vortex-induced instabilities and associated topological textures. The platform operates across diverse liquid crystal compositions, demonstrating material generality. This acoustically driven approach offers a scalable strategy for programmable topological structure in soft matter, with potential applications in reconfigurable photonic devices and active material systems.",nature_html,0
Non-polar nanocluster confinement engineering realizes high capacitive energy storage in Pb-free high-entropy relaxors,https://www.nature.com/articles/s41467-026-68301-x,Nature Communications,2026-01-12 00:00:00 UTC,2026-01-12 00:00:00+00:00,,"Dielectric ceramic capacitors with ultrahigh power density have become indispensable in modern power electronics, yet the persistent challenge of achieving superior energy density with high energy efficiency remains a critical bottleneck for practical applications. Herein, we propose an effective non-polar nanocluster confinement strategy through phase-field simulation-guided design of high-entropy (Bi0.2Na0.2Ba0.2Sr0.2Ca0.2)(Ti1-xSnx)O3 lead-free relaxor ferroelectrics. The incorporation of Sn4+ ions with low ionic polarizability leads to the formation of localized non-ferroelectric perovskite units, which constitute robust non-polar nanoclusters, being further stabilized and rendered immobile against electric fields by the substantial local random fields inherent to the high-entropy configuration. Consequently, these engineered non-polar nanoclusters serve as effective pinning centers to impede the merging and growth of polar nanodomains under electric fields, thereby reconciling the inherent conflict between polarization enhancement and hysteresis reduction. The optimized composition (x = 0.06) exhibits a high recoverable energy density of ~18.5 J·cm-3 together with an ultrahigh energy efficiency of ~92.4% in multilayer ceramic capacitors, representing a competitive combination among lead-free counterparts. This approach not only establishes a viable paradigm for next-generation energy storage dielectrics but also provides fundamental insights for designing functional materials with tailored electrical properties.",nature_html,0
The interconnected wirings between medial prefrontal cortex and claustrum and their governing roles in the methamphetamine reward memory in male mice,https://www.nature.com/articles/s41467-025-68009-4,Nature Communications,2026-01-12 00:00:00 UTC,2026-01-12 00:00:00+00:00,,"Bidirectional communication between medial prefrontal cortex (mPFC) and claustrum (CL) plays a critical role in drug reward memory, particularly for conditioned drug-associated cues. However, their precise circuitry remains unclear. Here, using viral tracing, chemo-&opto-genetics and patch-clamp, alongside methamphetamine (METH) conditioned place preference (CPP) model, we dissected the connectivity pattern between mPFC and CL in male mice. Two relatively independent pathways of top-down mPFC-CL and bottom-up CL-mPFC were identified, each comprising both direct excitatory and indirect inhibitory projections. The mPFC-CL pathway predominantly mediates inter-hemispheric communication, while the CL-mPFC pathway mainly supports intra-hemispheric connections. Under physiological conditions, strong feedforward inhibition (FFI) via local GABAergic interneurons suppresses excitatory transmission between mPFC and CL. During METH CPP, FFI is weakened, resulting in enhanced excitatory signaling. The mPFC-CL pathway was engaged during reward memory encoding, whereas the CL-mPFC pathway mediated memory retrieval. These findings suggest potential therapeutic interventions for METH reward memory.",nature_html,0
Cultural diversity of religion across 117 countries,https://www.nature.com/articles/s41467-025-67671-y,Nature Communications,2026-01-12 00:00:00 UTC,2026-01-12 00:00:00+00:00,,"Humans show marked diversity in cultural values, beliefs, and preferences. Here, we analyze survey responses from 640,110 individuals in 117 countries (representing 89% of the World’s population), and 2,333 sub-national districts, surveyed in the World Values Survey and the European Values Study. Across multiple sets of comparable cultural traits, we find that religion consistently emerges as the cultural trait that exhibits the largest cross-country divergence (measured by the Cultural Fixation Index or simple variances). For example, personal emphasis on religion varies 5-10 times more across countries than emphasis on family, politics, or work effort, and religion is the most divergent quality valued for raising children. Likewise, differences in religious group membership across countries exceed those in other voluntary affiliations. These cross-country differences in religiosity stem partly from differences between religious traditions, but mostly from individual differences in religious involvement intensity. Our findings underscore the importance of religion in shaping cultural differences across societies.",nature_html,0
Biochar boom-and-bust cycle,https://www.nature.com/articles/s41893-025-01748-w,Nature Sustainability,2026-01-12 00:00:00 UTC,2026-01-12 00:00:00+00:00,,,,0
Experimental observation of liquid–solid transition of nanoconfined water at ambient temperature,https://www.nature.com/articles/s41563-025-02456-8,Nature Materials,2026-01-12 00:00:00 UTC,2026-01-12 00:00:00+00:00,,"Nanoconfined water exhibits many abnormal properties compared with bulk water. However, the origin of those anomalies remains controversial due to the lack of experimental access to the molecular-level details of the hydrogen-bonding network of water within a nanocavity. Here we address this issue by combining scanning probe microscopy with nitrogen-vacancy-centre-based quantum sensing. Such a technique allows us to characterize both dynamics and structure of water confined between a hexagonal boron nitride flake and a hydrophilic diamond surface by nanoscale nuclear magnetic resonance. We observe a liquid–solid phase transition of nanoconfined water at ambient temperature with an onset confinement size of ~1.6 nm, below which the water diffusion is considerably suppressed and the hydrogen-bonding network of water becomes structurally ordered. The complete crystallization is observed below a confinement size of ~1 nm. The liquid–solid transition is further confirmed by molecular dynamics simulation. These findings shed new light on the phase transition of nanoconfined water and may form a unified picture for understanding water anomalies at the nanoscale.",nature_html,0
Wafer-scale monolayer dielectric integration on atomically thin semiconductors,https://www.nature.com/articles/s41563-025-02445-x,Nature Materials,2026-01-12 00:00:00 UTC,2026-01-12 00:00:00+00:00,,"A promising strategy for further miniaturizing metal–oxide–semiconductor field-effect transistors is the use of ultrathin two-dimensional channel materials. However, achieving robust dielectric integration with a sub-1-nm capacitance equivalent thickness (CET) remains challenging. Here we present a wafer-scale monolayer MoO3, transformed from MoS2, which can be seamlessly integrated with atomically thin semiconductors. Its atomically flat surface and the strong electronegativity of Mo6+ further enable the uniform deposition of high-κ dielectrics. Utilizing the 0.96-nm-CET MoO3/HfO2 as the dielectric, the top-gated p-type (n-type) two-dimensional transistors show a high ON/OFF ratio of 6.5 × 106 (3.2 × 108) and a steep subthreshold swing of 60.8 (63.1) mV dec−1. Statistical analysis of a 1,024-device array achieves a high yield of 92.2%. Furthermore, when monolayer MoO3 is used as the top-gated dielectric with an ultimately scaled CET of 0.64 nm, the gate leakage current meets the low-power limit standard (1.5 × 10−2 A cm−2) over the entire bias range. Our study provides a scalable approach for the integration of ultralow-CET dielectrics on two-dimensional materials, marking a critical step towards their future industrial deployment.",nature_html,0
Rapid prototyping for microfluidics across disciplines,https://www.nature.com/articles/s44286-025-00345-0,Nature Chemical Engineering,2026-01-12 00:00:00 UTC,2026-01-12 00:00:00+00:00,,,,0
Don’t go (phase) changing,https://www.nature.com/articles/s44286-025-00352-1,Nature Chemical Engineering,2026-01-12 00:00:00 UTC,2026-01-12 00:00:00+00:00,,,,0
Small pores make a big step for gas separations,https://www.nature.com/articles/s44286-025-00351-2,Nature Chemical Engineering,2026-01-12 00:00:00 UTC,2026-01-12 00:00:00+00:00,,,,0
Additive manufacturing of metastructures at the micro- and nano-scale,http://pubs.rsc.org/en/Content/ArticleLanding/2026/CS/D4CS01054J,RSC - Chem. Soc. Rev. latest articles,2026-01-12 00:00:00 UTC,2026-01-12 00:00:00+00:00,,"The emergence of additive manufacturing techniques offers more opportunities for fabricating complex structures with designed properties that are challenging to achieve using traditional manufacturing methods. Micro-/nano-scale metastructures are among the most promising applications of additive manufacturing and are composed of meta-atoms at the subwavelength scale with artificial design, which enables the creation of materials and structures with tailored and programmable properties that go beyond the limitations of their natural and traditional counterparts. This review depicts the thriving intersection of state-of-the-art additive manufacturing and micro-/nano-scale metastructures, such as metamaterials, metasurfaces, etc., aiming to provide a comprehensive overview of current achievements and explore future potential. An array of additive manufacturing techniques are discussed, such as electrohydrodynamic printing, two-photon lithography, and aerosol jet printing, which are reshaping the fabrication of metastructures with unprecedented structural design and functional diversity. Furthermore, the selection of the materials based on fabrication principles and device functions is considered. The diverse applications based on different metastructures are highlighted. Finally, this review is concluded by discussing the current challenges and giving future perspectives.",rsc_html,0
Transient absorption spectroscopy: a mechanistic tool for triplet sensitizers and their applications,http://pubs.rsc.org/en/Content/ArticleLanding/2026/CS/D5CS00614G,RSC - Chem. Soc. Rev. latest articles,2026-01-12 00:00:00 UTC,2026-01-12 00:00:00+00:00,,"Transient absorption spectroscopy (TAS) is a well-known technique used to study events that take place upon photoexcitation at short time scales (usually from femtoseconds to nanoseconds and up to milli-seconds) and involve processes such as electron transfer, energy transfer, intersystem crossing, isomerization, proton transfer, exciplex or excimer formation, etc. These events are fundamental steps for the mechanisms of many chemical processes including organic synthetic reactions, photo-polymerization, photodynamic therapy, and thermally activated delayed fluorescence. In this review we thoroughly discuss and critically analyze how to exploit TAS to derive mechanistic insights in these processes. Moreover, some basic principles that can help in easily elucidating and predicting a transient absorption (TA) spectrum are included with previously reported examples. This paper is aimed at facilitating the application of TAS as a tool for mechanistic studies and to provide an overview of the techniques related to scientists and students with diverse scientific backgrounds.",rsc_html,0
Developing super-tortillas to address malnutrition in Latin America,https://www.nature.com/articles/d41586-026-00087-w,Nature,2026-01-12 00:00:00 UTC,2026-01-12 00:00:00+00:00,,,,0
Ancient ‘snowball’ Earth had frigidly briny seas,https://www.nature.com/articles/d41586-025-04081-6,Nature,2026-01-12 00:00:00 UTC,2026-01-12 00:00:00+00:00,,,,0
Same-sex sexual behaviour can help primates to survive — and reproduce,https://www.nature.com/articles/d41586-026-00119-5,Nature,2026-01-12 00:00:00 UTC,2026-01-12 00:00:00+00:00,,,,0
US scientists push back as Trump eyes Greenland,https://www.nature.com/articles/d41586-026-00068-z,Nature,2026-01-12 00:00:00 UTC,2026-01-12 00:00:00+00:00,,,,0
Fresh starts: how to thrive when you leave academia,https://www.nature.com/articles/d41586-026-00085-y,Nature,2026-01-12 00:00:00 UTC,2026-01-12 00:00:00+00:00,,,,0
‘We’re humans — brilliant and a mess’: Wikipedia founder Jimmy Wales on trust and optimism,https://www.nature.com/articles/d41586-026-00083-0,Nature,2026-01-12 00:00:00 UTC,2026-01-12 00:00:00+00:00,,,,0
Student mental health is in crisis — here’s how to help,https://www.nature.com/articles/d41586-026-00084-z,Nature,2026-01-12 00:00:00 UTC,2026-01-12 00:00:00+00:00,,,,0
Entropically Stabilized Compositionally Complex Prussian Blue Analogues in Electrochemical Energy Storage and Catalytic Applications,https://advanced.onlinelibrary.wiley.com/doi/10.1002/aenm.202505809?af=R,Wiley: Advanced Energy Materials: Table of Contents,2026-01-12 05:00:49 UTC,2026-01-12 05:00:49+00:00,10.1002/aenm.202505809,"ABSTRACT
                  High performance robust electrodes are demanding for next‐generation energy storage devices, especially to raise the energy density and cycle life of rechargeable batteries. Prussian Blue Analogues (PBAs), a class of framework materials possessing a 3D structure have gained vast interest as battery electrodes due to a rich and multiple redox active sites offering tunable chemistry to reversibly store charges. Albeit the Jahn–Teller distortions, structural phase transitions, low electronic conductivity, and lattice degradation certainly restrict the practicality of PBAs, requiring a rational engineering to exploit their properties. This review exclusively focuses on engineering the physical‐chemical‐electrochemical properties of PBA via high configurational entropy and the role of HE‐PBA toward activating the redox centers and improving the structure, cycle stability, and conductivity are elaborated. The entropically tuned HE‐PBAs endow synergistic “cocktail effect” benefitting structural robustness, alleviated/controlled phase transitions, multi‐electron redox activity, and performance improvements in batteries including lithium‐ion (Li‐ion), sodium‐ion (Na‐ion), lithium‐sulfur (Li‐S) and zinc‐ion (Zn‐ion) chemistries and catalytic conversion reactions. Further, the structure‐property relationship of HE‐PBAs in energy storage and catalytic systems are systematically discussed underpinning the role of redox elements in capacity retention, structural stability, phases transition, and cycle‐life. Alongside, a prospect on the practical outcomes and scope for further improvements are detailed.",crossref,0
Chiral Molecular Engineering for Synergistic Defect Passivation and Phase Stabilization Enables 22.19%‐Efficient Inorganic Perovskite Solar Cells,https://advanced.onlinelibrary.wiley.com/doi/10.1002/aenm.202506140?af=R,Wiley: Advanced Energy Materials: Table of Contents,2026-01-12 05:02:29 UTC,2026-01-12 05:02:29+00:00,10.1002/aenm.202506140,"ABSTRACT
                  
                    Chiral materials exhibit unique optoelectronic properties due to their non‐centrosymmetric structure. However, the influence of chiral configurations on halide vacancy repair and phase stability remains poorly understood, hindering the development of effective chiral passivation strategies for all‐inorganic perovskite solar cells. In this work, we rationally constructed chirality‐mediated interfaces between the perovskite and hole transport layer using R‐/S‐N‐(9‐fluorenylmethoxycarbonyl)‐allylglycine (RAC‐NFA) to simultaneously suppress defect‐mediated non‐radiative recombination and phase instability in CsPbI
                    3‐x
                    Br
                    x
                    solar cells. Theoretical and experimental analyses reveal that RAC‐NFA operates via a “stereoselective complementarity” mechanism, which not only inhibits halide vacancy formation through “lock‐and‐key” coordination but also drives thermodynamically favorable secondary crystal growth and surface reconstruction, leading to larger, high‐quality grains. Additionally, the densely packed aromatic Fmoc groups at grain boundaries effectively suppress phase transition and moisture/oxygen penetration. RAC‐NFA modification further optimizes band alignment to enhance hole extraction and transport. Through these synergistic effects, the CsPbI
                    3‐x
                    Br
                    x
                    device achieves a power conversion efficiency of 22.19%, among the highest reported for such materials, while retaining over 90% of its initial efficiency after 800 h in ambient air. This work presents a synergistic passivation strategy that concurrently improves efficiency and stability, offering a promising route toward the commercialization of perovskite photovoltaics.",crossref,0
[ASAP] 830 nm-Excitable Triplet–Triplet Annihilation Upconversion Achieved by a Selenium-Integrated Heptamethine Cyanine Sensitizer,http://dx.doi.org/10.1021/jacs.5c15902,Journal of the American Chemical Society: Latest Articles (ACS Publications),2026-01-12 11:20:17 UTC,2026-01-12 11:20:17+00:00,10.1021/jacs.5c15902,"We demonstrated that the selenium-integrated heptamethine cyanine acts as a near-infrared photosensitizer when combined with rubrene (annihilator), achieving triplet-triplet annihilation upconversion (TTA-UC) with 830 nm excitation and 557 nm emission and an upconversion quantum yield of up to 1.0% (out of 50%). Compared to the previously reported TTA-UC pair (IR806/rubrene), the upconversion quantum yield of Cy2/rubrene improves 50-fold. Photophysical characterization indicates that the integration of selenium into the cyanine skeleton in Cy2 increases the intersystem crossing rate and triplet excited state quantum yield to 3.22 × 108 s-1 and 23%, respectively, which is significantly enhanced 3.5-fold and 2.6-fold compared to iodine-substituted heptamethine cyanine (Cy1). The superior triplet excited state properties of Cy2 are crucial factors underlying the exceptional upconversion performance. Eventually, via spin coating the mixture of Cy2/rubrene solution, we fabricated the 830 nm responsive single-layer TTA-UC film, which exhibited excellent transmittance and bright upconversion luminescence. These findings are for the longest wavelength light-excitable metal-free small-molecule-based TTA-UC system, significantly promoting photon upconversion applications in solar energy harvesting and biophotonics.",pubmed,0
[ASAP] Base Metal Catalysis in Nitrene Transfer Reactions,http://dx.doi.org/10.1021/acs.chemrev.5c00503,Chemical Reviews: Latest Articles (ACS Publications),2026-01-12 11:25:54 UTC,2026-01-12 11:25:54+00:00,10.1021/acs.chemrev.5c00503,"Leveraging base metal catalysis to transform small organic molecules by forging X-N bonds (X = C, N, P, S) through nitrene transfer reactions (NTRs) renders a robust and sustainable paradigm shift for preparing valuable amine building blocks. Over the last four decades, 3d metal-catalyzed NTRs have received significant attention in the field of organic synthesis. This review will thoroughly discuss the manipulation of various complexes of base metals, such as Mn, Fe, Co, Ni, and Cu, to control the reaction pathways for X-N bond formation using different nitrene precursors. This review will encompass exemplary, pioneering, and pertinent synthesis in this area and will comprehensively elucidate the mechanistic rationale behind each 3d metals. The reactivity, regioselectivity, chemoselectivity and enantioselectivity of those novel base-metal catalysts are an inevitable part of this discussion. We will also address the inherent limitations and potential opportunities within this specific field of study.",pubmed,0
[ASAP] Characterization of a Silver Vinylcarbene Intermediate in Carbene–Alkyne Metathesis and Its Concerted C(sp2)–H Bond Insertion,http://dx.doi.org/10.1021/jacs.5c19806,Journal of the American Chemical Society: Latest Articles (ACS Publications),2026-01-12 13:33:18 UTC,2026-01-12 13:33:18+00:00,10.1021/jacs.5c19806,"Herein we present compelling evidence of the intervention of electrophilic silver vinylcarbenes in the carbene-alkyne metathesis (CAM) reaction, leading to a pivotal C(sp2)-H insertion process. The delicate equilibrium between the stability and reactivity of transient species is crucial for efficient detection. Through meticulous mechanistic exploration, we unveil that the mechanism for the C(sp2)-H insertion hinges on the substitution pattern. Indeed, it departs from the previously documented stepwise mechanism (involving Wheland intermediates), and it follows a concerted route, quite uncommon for this transformation.",pubmed,0
[ASAP] Electrochemical Indole Skeletal Editing via Single-Carbon Atom Insertion,http://dx.doi.org/10.1021/jacs.5c19912,Journal of the American Chemical Society: Latest Articles (ACS Publications),2026-01-12 13:34:08 UTC,2026-01-12 13:34:08+00:00,10.1021/jacs.5c19912,"Skeletal editing has emerged as a powerful and innovative tool in organic chemistry, offering an efficient approach to the synthesis of complex molecules. Conventional indole skeletal editing approaches predominantly rely on complex carbene precursors and/or transition-metal catalysis to achieve ring expansion. Herein, we report an electrochemical single-carbon insertion strategy for the skeletal editing of indoles into quinolines, which proceeds without the need for specialized reagents or transition-metal catalysts. The reaction is proposed to proceed via an electrooxidative denitrogenation process, in which in situ formed hydrazones generate reactive carbene intermediates that promote ring expansion. This strategy establishes a new activation platform for skeletal editing chemistry.",pubmed,0
[ASAP] Photolysis of CO2 Carbamate for Hydrocarboxylation Reactions,http://dx.doi.org/10.1021/jacs.5c21208,Journal of the American Chemical Society: Latest Articles (ACS Publications),2026-01-12 13:55:07 UTC,2026-01-12 13:55:07+00:00,10.1021/jacs.5c21208,"The conversion of carbon dioxide into value-added products has emerged as an alternative method to achieve net-zero emissions. While technologies that transform CO2 into fuels and chemical feedstocks have made great strides, the direct use of CO2 as a C1 synthon for the formation of new carbon-carbon bonds remains a critical challenge. Herein, we present a new catalytic CO2 activation mode for hydrocarboxylation reactions. Key to this methodology is the formation of a CO2 carbamate with a phenothiazine catalyst, which sets the required trigonal geometry for the release of CO2•- via photolysis upon absorption of visible light. The polarity-reversed CO2•- is employed in the hydrocarboxylation reactions of alkenes and heterocycles. This protocol is distinguished by its mild reaction conditions, wide substrate scope and broad applicability, even in the context of pharmaceutical cores. Our chemistry can also be utilized for the synthesis of carbon-13 labeled spirolactones using 13CO2. Mechanistic experiments support the photolysis of the CO2 carbamate as the main productive pathway under our optimized reaction conditions.",pubmed,0
[ASAP] Direct Atomic Observation of Discrete Bond Lengths and Fractional Quantized Conductance in Gold Atomic Chains,http://dx.doi.org/10.1021/jacs.5c18299,Journal of the American Chemical Society: Latest Articles (ACS Publications),2026-01-12 20:01:57 UTC,2026-01-12 20:01:57+00:00,10.1021/jacs.5c18299,"Metallic bonds play an important role in the physicochemical properties of metals and alloys. So far, metallic bonds can be stretched within a limited strain range, usually less than 10%, with linear response behaviors while exhibiting good conductivity, but the metallic bond lengths and their impacts on physical properties under high-strain conditions remain elusive. Here, using aberration-corrected high-resolution transmission electron microscopy, we investigate the bond elongation in gold atomic chains under tensile strain up to 46%, while excluding the influence of light elements. When the strain exceeds 12%, the bond lengths exhibit a plateau distribution and stepwise stretching characteristics. The short-long bond alternation tendency, likely corresponding to the dimerized configuration, is directly observed in a strain range of 12-25%. The conductance undergoes a stepwise decrease, transitioning from 1G0 to 0.13G0 before eventually dropping to 0. The discrete bond length with fractional quantized conductance holds great significance for understanding the nature of metallic bonds and developing quantum devices.",pubmed,0
